HITId,post
3IQ9O0AYW6T20ZOLCO14EURHST0TI5,Freedom of speech is essential to the progress of knowledge.
3SCKNODZ0XA7G225W1BVE6VGPV5N75,"I assume you went to the High Caliber gun show in Houston , I usually go when they are in Conroe and I know the feeling the last two or three times I did n't get much or see anything that really caught my eye ."
3R868ACW4S6KQKRPSSQJF6FIWGCZGN,"""RT @_JamesHumble: """"Guys can be assholes but girls are fucking evil"""" #Amen"""
3PZDSVZ3J5BAXFKMU3DOBUB6WXW4NP,Sometimes I feel like Duche bag calls to the clinic are just tests because of how idiotic the people get.
3OYHVNTV5TSDT291GA0HX007IBAOKW,Went to work at 530.... Only got paid for working from 9-4. Makes no fucking sense. And im tired. And hungry. And aint caught my nu....nvmd
3I7SHAD35MQ1YKH5K0WV1R6GHT0M7I,"I want a girl that reminds me of a report card. Her face has to be an A, she has to have double DDs, 'cause tonight I want to F."
3E6L1VR4XWGCOABJF3NQ0NMBST06FJ,A British school where none of the students have English as their first language ?
3CVBMEMMXBAF66GUT3GI9MYK06OH7P,today was just terrible &#128175; and i learned even family aint shit &#128564;
341H3G5YF08NFGG4EQ1GUES2P0P0ZP,She a dirty bitch and I dotn have a doubt
3G4VVJO6PZAVE2L2VADWM05XSKAPKQ,"Ever since I became a cop I have to deal with rape victims on a daily basis. 
 
Apparently women trust you much more when you wear a police uniform."
3XAOZ9UYRZLE8D0VNDM3HQZ8RLMQ1U,"Sorry I can't stick to my so-called ""break"", but I have to ask, as someone on the autism spectrum, does anyone else here flap their hands?"
3OB6JN3A9QJBG31KTEU168XGDSFMR7,"jewish children two jewish children are sitting on top of a roof near a chimney . a passer - by asks , ‘ what are you doing there?’ ‘ we are waiting for our parents . '"
3MNJFORX8BYG56B5AKDL8H8BV2T5FD,"""@KhadiMarcia @Og_BandoJohnson @brishona_kelly lol I'm scared of y'all """"friendship"""" how y'all meet each other again ?"""
32FESTC2NHKQN9HAKJVS8NFOY12UC8,EPISODE 71 : Halloween Costumes You Already Own | Watch the video - Yahoo !
3UOMW19E6D092URVJINK0BN8YPZ5C0,IT JUST FLIES INTO THE FUCKING FIRE PLACE I'MD FJKXNFBVJKFD GK
3HRWUH63QUWSTYOM88WYGMHKYOO5NK,Every time I 've ever taken this test I got roughly around the same spot .
3N7PQ0KLI5JLLDO51Q5MB2PR3VA3E4,How many holes does a German shower head have? 11
38B7Q9C28GZ3N0K6CHNYQR00MH269T,What is Ethiopia’s national dish? Nothing
3D7VY91L65RO0WKVXH8B6TSC1YKMBS,"he had a song called ""Hit u from the back"" with the iconic lines ""There they go! a big ole pack of pretty bitches..."""
30Z7M1Q8UYE4WXDZX2YW607BTJ2A8Z,i got arrested for killing a black guy why ?
32ZCLEW0BZE03IFKDPDKLL5KF19PJ4,"What can you do when your opponent has you up close, his head against yours, and it feels like you're locked in and can't do anything?"
3R5LWXWHR02VLPRARA2YILZ7N21XGI,My dick is like a public bus... Children ride for free.
3AJA9FLWSCSSHU6KH4WFXQCGZPCFIB,nvm it's all good nothing is wrong with bitches ((:
3MNJFORX8BYG56B5AKDL8H8BWX25FD,"I just refer to them as primates as through THEIR evolution process they are just a little bit higher on the evolutionary chain which makes them all the more dangerous to whites , than any of their animalistic cousins ."
32CAVSKPCEJ6067C4M68RRWXRZQ1UR,Why do I like Minecraft so much? I’m allowed to kill as many Jews as I like and I won’t be charged with a war crime
37M4O367VJCMBG3MW7HY37SKS0JM59,zzzz @hammmyy96 Call me sexist but I'm yet to see a funny female comedian
3L84EBDQ37WU3BOMII8OQJJYYCRKKB,So Steven Hawking walks into a bar... Just kidding.
3B286OTISEBTGE9IO6VNVQGP93LAJQ,"its no surprise to me that melania trump plagiarized parts of her speech from michelle obama i knew it from the second she sa <lolface> "" when i was growing up in africa , swinging from tree to tree picking up bananas . <repeat> """
3YZ7A3YHR5NP9BGRG4DKFGRQKSLS5H,"""im listening to Anamanaguchi and their song """"Miku"""" came on and for a minute it sounded like she said """"i'm fucking Miku"""" and i WISH IT WAS"""
38B7Q9C28GZ3N0K6CHNYQR00MG569U,So sad to hear about this. Our thoughts are with Amanda's family and friends. + https://t.co/bf4nLPBCAf
391JB9X4ZY2PTZOP3UL45WB2NJ8KM6,"What do you call a white guy ... Surrounded by a nigger?
Master

Surrounded by 3 niggers?
In trouble

Surrounded by 5 niggers?
 Coach

Surrounded by 1000 niggers?
Prison Warden

Surrounded by 2000000 niggers?
In jungle"
3WRBLBQ2GR2NOZLZOYDR97CWDRDG0V,""":: I have to listen to Con Funk Shun | """"Love's Train LIVE"""" from the Live For Ya Ass album every morning .."""
37NXA7GVST0J3S0G2MYW7S7U6J8VL1,It seems the men of reddit fear being branded pediphiles by society at large and other horribly depressing stories.
324N5FAHSX58JMIYHMMVSSUFFL9KVV,RT @sbacilio1224: Neta bullshit aside I need to get me a bad bitch
3E6L1VR4XWGCOABJF3NQ0NMBSUX6FI,Asian women hate their race so much they will literally date white supremacists
3OZ4VAIBEX9D82CGZ1MJRDU22U2VJY,"i am sick and i stopped going to school and i am alone in a whole new country
Praise the lord"
3U74KRR67MFUE0ZC94EWJ2NYESTNTE,"If you had the chance, would you homeschool your children?"
3U18MJKL1UGDSJX1NIJ6USNUQ5BCN0,I wonder why the Jewish Media always pretends that all the blood thirsty third world savages are victims and it is all Whitey 's fault ?
3X4Q1O9UBHGPYN2HXGB8TVVLE9A7OB,D-Don't look at me like that senpai!&#128525; What is that smell? I'm always right there... Behind you senpai...
3ZZAYRN1I6LCWLZOAJE9YRN31SAOTJ,How many Ethiopians can you fit in a bathtub? Who knows they keep slipping down the drain.
3XBXDSS888DB7H5B21ZEVD4FMUFLXT,"India: Women account for 2% of central forces, but 40% of suicides"
30UZJB2POH6LPUVCQPCJ78JET9F53Q,"ITT: describe how you feel when you see a girl you find cute
Sad

Lonely

Worthless"
3RWSQDNYL9G8734UGWQUUTZOIG8FF9,Whats the best part of being black and jewish? You get to sit in the back of the oven. :)
3P7RGTLO6E7ORYF06RVZW5G2VC6KAV,"i don't show my face because i want my art to be the main focus. if that means people calling me ugly then it's whatever, my arts beautiful."
3MYASTQBG75808G7366YIS0HD9MQDW,"Statistically, 1 in 10 people live next to a pedophile Not me though, I live next to a 10 years old boy with a cute ass.


Edit : This was filthy frank's joke"
3HFWPF5AK9DMVWTN2LPR0JT67TOS3G,"Whore making nu-male cuck friend write an essay to be a feminist LMFAO
www.np.reddit.com/r/wgtow/comments/6zs0co/do_you_think_that_a_man_can_learn_to_be_a_good/"
3D5G8J4N5AY7M58LBV0NTJHBXIRTV4,"I'm fucked up, homie you fucked up But we gonna be aight!!"
3EAWOID6MTR66WBUDTCD98F60CSV02,I crossed an epileptic with a lettuce patch Anyone want some seizure salad?
3D0LPO3EABT8D7YIKP1868FIGW9YO3,"so i met this girl at work that has the tightest pussy god i love working at the daycare

edit : some cuck reported this post and got me a perma ban"
3X55NP42EOAPI4DVA4LX5EOVHTL3PG,Not having a solid QB killed us against a great team. You'll never win throwing 6 ints. We got a lot to learn
3JYPJ2TAYI2KYGTOUZMZ6NDSKMVFPC,Are you a bummer tied to a tree? No?? BUMMER ON THE LOOSE!!
3PA41K45VNY7JNEICGONIV0BM0A7P2,What’s similar between becoming a Jew and doing drugs? You get baked either way
31HLTCK4BLP3H0MFRV1GU02M84OGVK,@NyJusDntGAF no one cares nigger
3I6NF2WGIGQMJ670L4J3Q28NU1UG5Q,What Does A Muslim Woman Say When Getting Dressed? Does my bomb look too big?
3T5ZXGO9DEIB39L3VOVV9KJK1PEQZ9,What's a Mexican favorite video game? Tales of the borderlands
3IWA71V4TIATOW24FXTC6UMITMIX6W,when are you crackers going to realise that your race doesnt dictate wether youre superior or not and stop thinking everything you say+
30OITAWPBQXJKP4N80E2NIPQQT09H6,how do you make childbirth easier for black women ? lure the little nigger out with a kfc <allcaps> bucket
3W31J70BASQCKDCYQ5RQ206QTWRCKL,Now playing on Apache Ent Radio on Tunein app Featuring Maxminelli - Share My Drugs (Prod. By Austin On The Track)
3DFYDSXB2WUDVNNGUBCEVRSJLA4UJQ,I'm tired of black people like me being silenced all the time in reddit. I would love to hear all of the other white people in the comments to stand with me!
3TC2K6WK9GWFRUIVKN5H0IODM7J82S,Why are Americans so dumb? Because everyone who goes to school gets shot.
3CESM1J3EIXEZWXE5SXQ4B8BKMZ6W3,What’s the worst part of fucking a Jewish guy in the shower He can only last 15 minuets
3NOEP8XAU4W1Y2K9UTSLCUDZOPLXPB,if you're one of the other ppl that have applied to live on floor ec-04-2 @SalfordUni this September hit me up&#129304;&#127996;&#129304;&#127996;
3MDKGGG61QHM7FTKANSFHR1CI66T6J,"""@EveEndor I've often wondered about the insistence of some that they """"pass well"""", and you know they absolutely do not by any means """"pass""""."""
3WUVMVA7OBXJGTEM6SY9JK4FX3GZAR,What is the difference between an apple and a black man One grows on a tree and the other rots
3CZH926SIC86397914A5L7HXK2AE4L,"A movie for the Incel community
You Incels should watch 'Hitch' with Will Smith."
3N5YJ55YXGXPZ40334NFOXX6Q49ANJ,Best of: commenter in r/justiceporn discusses the problem with title IX (1700 upvotes)
39WSF6KUV2FA72HRKOPEZ5N2ZVCEOZ,"RT @AndrogyneAdvent: The thing about Houston and Austin gays is 99% are hoes, ain't no wholesome bitches"
3W5PY7V3UP1UCW7L4C93YCYWKASJYH,The best time to plant a tree was 20 years ago; the second best time is NOW.
3HKIF5DF6YR5KT9COUWK2IDPGU79GY,"Dirty panties, socks, shoes, bras. All for sale. Kik me for prices, you sad fucks - sarastrong1995 #findom #paypigs #dominate #sex #nudes"
3ECKRY5B1QQYMBXKIGQM0ISYCLRZIN,Your husband just called and said that you can buy whatever you want.
379OL9DBSS856KUCI0IQ9IKTN7N9YM,Im so fucking for Sunday! I cant wait to see @TripleH's entrance
3BFNCI9LYKK0CY9VEIRG5SXAH0C378,"Minion So anyway,

What do you call a black man in space?

Debris."
367O8HRHKG27DSCR2ZUAAOLCIGSS4G,Why didnt the african kids take their medicine? The medicine stated that it should be taken after food
378G7J1SJLSICBQTBAGOGZ0O4UDWER,"Half Italian on my father 's side , my mother 's white but was adopted so half of me is a mystery ."
3U74KRR67MFUE0ZC94EWJ2NY6CATNX,how do you get a priest to sleep with a nun ? dress her up like an alter - boy .
3VQTAXTYN3F7D4P46JZXX396DB2BU5,"What do you tell a woman with two black eyes? Nothing, she's already been told. Twice."
3HEA4ZVWVDGO39IG480CM5HY60E55D,> Because in my family my mom would have supported me getting a new dress and would have made my sister pay for it (as she should) Love this idea.
3ZG552ORAMYD26E8SGGRSW8LZMPV2P,"You heard the rumors, my take: @andrzej_fonfara vs. @AdonisSuperman - close to happening, but not done... yet. #boxing"
39I4RL8QGJBINJYBR5IB6AEA95BH4K,What’s the difference between a Jew and charcoal? A Jew could write a diary.
34OWYT6U3WBJGKF7EIWNNUQ5YMYI9V,"Sarah Huckabee Sanders at WH Press Briefing: James Comey ""Gave False Testimony""
—Ace"
36818Z1KV37IV07TLL30FJZ0I8IA36,My wife would make a good Muslim woman. I'd just plow that ass and beat the shit out of her all day like I always do
3RKHNXPHGWQ867TYCWCQW6SW0Z4UKP,I like my slaves like I like my coffee Black
3UXQ63NLAAG4UE2AX57W6GDN1TUBLF,@Elijahfnbaby bra I'm bout to blaze this bitch
3LXX8KJXPW3TC6QACD9S7RMR9R2O9S,"He seems so gay: he's quiet, he likes poetry and he has a lisp. But you can never tell him I said this, because I don't want to make him feel like there's something wrong with him."
36FQTHX3Z3LNEACLRZ3WAUJ60RXB3Y,#FireKushneri don't like Trump but damn his base is bloodthirsty if they expect him to fire his daughter and her husband
3ZTE0JGGCEMVA4XDOXJJ9HNZFC4OC8,"Phil Jones: ""We have 25 or so years invested in the work. Why should I make the data available to you, when your aim is to try and find something wrong with it."" "
31N9JPQXIPC49R8H9AX75JKA0QSNHF,What do black guys have in their knee Niggaments
3R16PJFTS3L9P9ZJXQL8J2U21SNK4B,Only half the people who come to my surgery survive.  I'm a fucking good abortionist.
3G5RUKN2ECXBULQYBY9FS2MMH9HN9E,"What's long, silver, climbs walls and scares Jews? A gas pipe."
3SA4EMRVJVWT1CEYRH3E3GQOEK60PT,"""You da bomb"" ""no, you da bomb"" In America: complement
In the Middle East: argument"
3U74KRR67MFUE0ZC94EWJ2NYESUTNL,"There seems to be a lot of buzz about Democrats simmering now, around the same time Mueller is alleged to be seating a Grand Jury

#LorettaLynch / #ElizabethCarlisle
#DebbieWassermanSchultz
#AwanInvestigation
#BenRhodes

Anyone, other than me, thinking of connecting some of these dots?"
3P7RGTLO6E7ORYF06RVZW5G2TU4KAR,What’s the difference between Elliot Rodger and an egg? The egg gets laid before it cracks.
359AP8GAGGEOPY5E7B2HYV14QRAC7V,Can't the news save some time and just tell us which Hollywood people AREN'T taking advantage of others in one way or another?
3SV8KD29L4MPS6N8IJBYDY7B5TBZK2,"I see on CNBC that an expert says Bitcoin is going to $100,000 this year"
33W1NHWFYHFOVPDVCSPQEPU7N7NTZO,Yeah shit 12 year olds are not qualified at all. @CarloOrtega8 I'm not sexist but I would never vote for a girl president
30F94FBDNRESDRAF6E9NS7N4UTMBTX,What's the similarity with beating my children and my meat I'm horny when I beat both of them
39O0SQZVJN1SV0UXP8SCNQ0QPWU7RK,"When YOUR power seems insufficient, GOD'S power takes care of the rest (see 2 Cor. 2:19). #20ways #dreamBIG @JoyceMeyer"
30ZKOOGW2W0MLXTEYHPHRQK3FMLA1M,"q : what did the blind , deaf , mute quadraplegic boy get for christmas ? a : cancer ."
3APP19WN718I2A7EQNT8I8MNSC06GP,"""you're too young for that1!1!!11!"""" and i just bursted out laughing cause my mom didn't know it was maddie or why she sent me them&#128514;&#128514;"""
3BC9H1KCYU6GIG7KBBSIN2S4J09WYI,Y'all ever just live more than 6 years to flex on Ethiopian niggas.
